0,2,ahihi
1,3,ahihi
2,4,ahihi
3,5,ahihi
4,6,ahihi
5,7,ahihi
6,8,ahihi
7,9,ahihi
8,10,ahihi
9,11,ahihi
10,12,ahihi
11,13,ahihi
12,14,ahihi
13,15,ahihi
14,16,ahihi
15,17,ahihi
16,18,ahihi
17,19,ahihi
18,20,ahihi
19,21,ahihi
20,22,ahihi
21,23,ahihi
22,24,ahihi
23,25,ahihi
24,26,ahihi
25,27,ahihi
26,28,ahihi
27,29,ahihi
28,30,ahihi
29,31,ahihi
30,32,ahihi
31,33,ahihi
32,34,ahihi
33,35,ahihi
34,36,ahihi
35,37,ahihi
36,38,ahihi
37,39,ahihi
38,40,ahihi
39,41,ahihi
40,42,ahihi
41,43,ahihi
42,44,ahihi
43,45,ahihi
44,46,ahihi
45,47,ahihi
46,48,ahihi
47,49,ahihi
48,50,ahihi
49,51,ahihi
50,52,ahihi
51,53,ahihi
52,54,ahihi
53,55,ahihi
54,56,ahihi
55,57,ahihi
56,58,ahihi
57,59,ahihi
58,60,ahihi
59,61,ahihi
60,62,ahihi
61,63,ahihi
62,64,ahihi
63,65,ahihi
64,66,ahihi
65,67,ahihi
66,68,ahihi
67,69,ahihi
68,70,ahihi
69,71,ahihi
70,72,ahihi
71,73,ahihi
72,74,tao là 2
73,75,tao là 3
74,76,ahihi
75,77,tao là 2
76,78,ahihi
77,79,tao là 2
78,80,tao là 1
79,81,tao là 2
80,82,tao là 3
81,83,tao là 1
82,84,tao là 2
83,86,tao là 1
84,88,tao là 1
85,89,tao là 2
86,90,tao là 1
87,91,tao là 2
88,92,tao là 2
89,94,tao là 2
90,97,tao là 1
91,98,tao là 2
92,101,tao là 1
93,102,tao là 2
94,105,tao là 1
95,106,tao là 2
96,109,tao là 1
97,110,tao là 2
98,112,tao là 1
99,113,tao là 2
100,115,tao là 1
101,116,tao là 2
102,118,tao là 1
103,119,tao là 2
104,121,tao là 1
105,122,tao là 2
106,124,tao là 1
107,125,tao là 1
108,126,tao là 2
109,128,tao là 1
110,129,tao là 2
111,131,tao là 1
112,132,tao là 2
113,134,tao là 1
114,135,tao là 2
115,137,tao là 1
116,138,tao là 2
117,140,tao là 1
118,141,tao là 2
119,143,tao là 1
120,144,tao là 2
121,146,tao là 1
122,147,tao là 2
123,149,tao là 1
124,150,tao là 2
125,152,tao là 1
126,153,tao là 2
127,155,tao là 2
128,157,tao là 1
129,158,tao là 2
130,160,tao là 1
131,161,tao là 2
132,163,tao là 1
133,164,tao là 2
134,166,tao là 1
135,167,tao là 2
136,169,tao là 1
137,170,tao là 2
138,172,tao là 1
139,173,tao là 2
140,175,tao là 1
141,176,tao là 2
142,178,tao là 1
143,179,tao là 2
144,181,tao là 1
145,182,tao là 2
146,184,tao là 1
147,185,tao là 2
148,187,tao là 1
149,188,tao là 2
150,190,tao là 1
151,191,tao là 2
152,193,tao là 1
153,194,tao là 2
154,196,tao là 1
155,197,tao là 2
156,199,tao là 1
157,200,tao là 2
158,202,tao là 1
159,203,tao là 2
160,205,tao là 1
161,206,tao là 2
162,208,tao là 1
163,209,tao là 2
164,211,tao là 1
165,212,tao là 2
166,214,tao là 1
167,215,tao là 2
168,217,tao là 1
169,218,tao là 2
170,220,tao là 1
171,221,tao là 2
172,223,tao là 1
173,224,tao là 2
174,226,tao là 1
175,227,tao là 2
176,229,tao là 1
177,230,tao là 2
178,231,tao là 2
179,232,tao là 2
180,233,tao là 2
181,234,tao là 2
182,235,tao là 2
183,236,tao là 2
184,237,tao là 2
185,239,tao là 2
186,240,tao là 2
187,238,tao là 2
188,241,tao là 2
189,242,tao là 2
190,243,tao là 1
191,244,tao là 2
192,246,tao là 1
193,247,tao là 2
194,249,tao là 1
195,250,tao là 2
196,252,tao là 1
197,253,tao là 2
198,255,tao là 1
199,256,tao là 2
200,258,tao là 1
201,259,tao là 2
202,261,tao là 1
203,262,tao là 1
204,263,tao là 1
205,264,tao là 2
206,266,tao là 1
207,267,tao là 1
208,268,tao là 2
209,270,tao là 1
210,271,tao là 2
211,273,tao là 1
212,274,tao là 2
213,276,tao là 1
214,277,tao là 2
215,279,tao là 1
216,280,tao là 2
217,282,tao là 1
218,283,tao là 2
219,285,tao là 1
220,286,tao là 1
221,287,tao là 2
222,289,tao là 1
223,290,tao là 2
224,292,tao là 1
225,293,tao là 2
226,295,tao là 1
227,296,tao là 2
228,298,tao là 1
229,299,tao là 1
230,300,tao là 2
231,302,tao là 1
232,303,tao là 2
233,305,tao là 1
234,306,tao là 2
235,308,tao là 1
236,309,tao là 2
237,311,tao là 1
238,312,tao là 2
239,314,tao là 1
240,315,tao là 2
241,317,tao là 1
242,318,tao là 1
243,319,tao là 2
244,321,tao là 1
245,322,tao là 2
246,324,tao là 1
247,325,tao là 2
248,326,tao là 1
249,327,tao là 2
250,328,tao là 1
251,329,tao là 2
252,330,tao là 1
253,331,tao là 1
254,332,tao là 1
255,333,tao là 1
256,334,tao là 1
257,335,tao là 2
258,337,tao là 1
259,338,tao là 2
260,339,tao là 1
261,340,tao là 2
262,341,tao là 2
263,342,tao là 2
264,343,tao là 2
265,344,tao là 2
266,345,tao là 2
267,346,tao là 2
268,347,tao là 2
269,348,tao là 2
270,349,tao là 2
271,350,tao là 2
272,351,tao là 2
273,352,tao là 2
274,353,tao là 2
275,354,tao là 2
276,355,tao là 2
277,356,tao là 2
278,357,tao là 2
279,358,tao là 2
280,359,tao là 2
281,360,tao là 2
282,361,tao là 2
283,362,tao là 2
284,363,tao là 2
285,364,tao là 2
286,365,tao là 2
287,366,tao là 2
288,367,tao là 2
289,368,tao là 2
290,369,tao là 2
291,370,tao là 2
292,371,tao là 2
293,372,tao là 2
294,373,tao là 2
295,374,tao là 2
296,375,tao là 2
297,376,tao là 2
298,377,tao là 2
299,378,tao là 2
300,379,tao là 2
301,380,tao là 2
302,381,tao là 2
303,382,tao là 2
304,383,tao là 2
305,384,tao là 2
306,385,tao là 2
307,386,tao là 2
308,387,tao là 2
309,388,tao là 2
310,389,tao là 2
311,390,tao là 2
312,391,tao là 2
313,392,tao là 2
314,393,tao là 2
315,394,tao là 2
316,395,tao là 2
317,396,tao là 2
318,397,tao là 2
319,398,tao là 2
320,399,tao là 2
321,400,tao là 2
322,401,tao là 2
323,402,tao là 2
324,403,tao là 2
325,404,tao là 2
326,405,tao là 2
327,406,tao là 2
328,407,tao là 2
329,408,tao là 2
330,409,tao là 2
331,410,tao là 2
332,411,tao là 2
333,412,tao là 2
334,413,tao là 2
335,414,tao là 2
336,415,tao là 2
337,416,tao là 2
338,417,tao là 2
339,418,tao là 2
340,419,tao là 2
341,420,tao là 2
342,421,tao là 2
343,422,tao là 2
344,423,tao là 2
345,424,tao là 2
346,425,tao là 2
347,426,tao là 2
348,427,tao là 2
349,428,tao là 2
350,429,tao là 2
351,430,tao là 2
352,431,tao là 2
353,432,tao là 2
354,433,tao là 2
355,434,tao là 2
356,435,tao là 2
357,436,tao là 2
358,437,tao là 2
359,438,tao là 2
360,439,tao là 2
361,440,tao là 2
362,441,tao là 2
363,442,tao là 2
364,443,tao là 2
365,444,tao là 2
366,445,tao là 2
367,446,tao là 2
368,447,tao là 2
369,448,tao là 2
370,449,tao là 2
371,450,tao là 2
372,451,tao là 2
373,452,tao là 2
374,453,tao là 2
375,454,tao là 2
376,455,tao là 2
377,456,tao là 2
378,457,tao là 2
379,458,tao là 2
380,459,tao là 2
381,460,tao là 2
382,461,tao là 2
383,462,tao là 2
384,463,tao là 2
385,464,tao là 2
386,465,tao là 2
387,466,tao là 2
388,467,tao là 2
389,468,tao là 2
390,469,tao là 2
391,470,tao là 2
392,471,tao là 2
393,472,tao là 2
394,473,tao là 2
395,474,tao là 2
396,475,tao là 2
397,476,tao là 2
398,477,tao là 2
399,478,tao là 2
400,479,tao là 2
401,480,tao là 2
402,481,tao là 2
403,482,tao là 2
404,483,tao là 2
405,484,tao là 2
406,485,tao là 2
407,486,tao là 2
408,487,tao là 2
409,488,tao là 2
410,489,tao là 2
411,490,tao là 2
412,491,tao là 2
413,492,tao là 2
414,493,tao là 2
415,494,tao là 2
416,495,tao là 2
417,496,tao là 2
418,497,tao là 2
419,498,tao là 2
420,499,tao là 2
421,500,tao là 2
422,501,tao là 2
423,502,tao là 2
424,503,tao là 2
425,504,tao là 2
426,505,tao là 2
427,506,tao là 2
428,507,tao là 2
429,508,tao là 2
430,509,tao là 2
431,510,tao là 2
432,511,tao là 2
433,512,tao là 2
434,513,tao là 2
435,514,tao là 2
436,515,tao là 2
437,516,tao là 2
438,517,tao là 2
439,518,tao là 2
440,519,tao là 2
441,520,tao là 2
442,521,tao là 2
443,522,tao là 2
444,523,tao là 2
445,524,tao là 2
446,525,tao là 2
447,526,tao là 2
448,527,tao là 2
449,528,tao là 2
450,529,tao là 2
451,530,tao là 2
452,531,tao là 2
453,532,tao là 2
454,533,tao là 2
455,534,tao là 2
456,535,tao là 2
457,536,tao là 2
458,537,tao là 2
459,538,tao là 2
460,539,tao là 2
461,540,tao là 2
462,541,tao là 2
463,542,tao là 2
464,543,tao là 2
465,544,tao là 2
466,545,tao là 2
467,546,tao là 2
468,547,tao là 2
469,548,tao là 2
470,549,tao là 2
471,550,tao là 2
472,551,tao là 2
473,552,tao là 2
474,553,tao là 2
475,554,tao là 2
476,555,tao là 2
477,556,tao là 2
478,557,tao là 2
479,558,tao là 2
480,559,tao là 2
481,560,tao là 2
482,561,tao là 2
483,562,tao là 2
484,563,tao là 2
485,564,tao là 2
486,565,tao là 2
487,566,tao là 2
488,567,tao là 2
489,568,tao là 2
490,569,tao là 2
491,570,tao là 2
492,571,tao là 2
493,572,tao là 2
494,573,tao là 2
495,574,tao là 2
496,575,tao là 2
497,576,tao là 2
498,577,tao là 2
499,578,tao là 2
500,579,tao là 2
501,580,tao là 2
502,581,tao là 2
503,582,tao là 2
504,583,tao là 2
505,584,tao là 2
506,585,tao là 2
507,586,tao là 2
508,587,tao là 2
509,588,tao là 2
510,589,tao là 2
511,590,tao là 2
512,591,tao là 2
513,592,tao là 2
514,593,tao là 2
515,594,tao là 2
516,595,tao là 2
517,596,tao là 2
518,597,tao là 2
519,598,tao là 2
520,599,tao là 2
521,600,tao là 2
522,601,tao là 2
523,602,tao là 2
524,603,tao là 2
525,604,tao là 2
526,605,tao là 2
527,606,tao là 2
528,607,tao là 2
529,608,tao là 2
530,609,tao là 2
531,610,tao là 2
532,611,tao là 2
533,612,tao là 2
534,613,tao là 2
535,614,tao là 2
536,615,tao là 2
537,616,tao là 2
538,617,tao là 2
539,618,tao là 2
540,619,tao là 2
541,620,tao là 2
542,621,tao là 2
543,622,tao là 2
544,623,tao là 2
545,624,tao là 2
546,625,tao là 2
547,626,tao là 2
548,627,tao là 2
549,628,tao là 2
550,629,tao là 2
551,630,tao là 2
552,631,tao là 2
553,632,tao là 2
554,633,tao là 2
555,634,tao là 2
556,635,tao là 2
557,636,tao là 2
558,637,tao là 2
559,638,tao là 2
560,639,tao là 2
561,640,tao là 2
562,641,tao là 2
563,642,tao là 2
564,643,tao là 2
565,644,tao là 2
566,645,tao là 2
567,646,tao là 2
568,647,tao là 2
569,648,tao là 2
570,649,tao là 2
571,650,tao là 2
572,651,tao là 2
573,652,tao là 2
574,653,tao là 2
575,654,tao là 2
576,655,tao là 2
577,656,tao là 2
578,657,tao là 2
579,658,tao là 2
580,659,tao là 2
581,660,tao là 2
582,661,tao là 2
583,662,tao là 2
584,663,tao là 2
585,664,tao là 2
586,665,tao là 2
587,666,tao là 2
588,667,tao là 2
589,668,tao là 2
590,669,tao là 2
591,670,tao là 2
592,671,tao là 2
593,672,tao là 2
594,673,tao là 2
595,674,tao là 2
596,675,tao là 2
597,676,tao là 2
598,677,tao là 2
599,678,tao là 2
600,679,tao là 2
601,680,tao là 2
602,681,tao là 2
603,682,tao là 2
604,683,tao là 2
605,684,tao là 2
606,685,tao là 2
607,686,tao là 2
608,687,tao là 2
609,688,tao là 2
610,689,tao là 2
611,690,tao là 2
612,691,tao là 2
613,692,tao là 2
614,693,tao là 2
615,694,tao là 2
616,695,tao là 2
617,696,tao là 2
618,697,tao là 2
619,698,tao là 2
620,699,tao là 2
621,700,tao là 2
622,701,tao là 2
623,702,tao là 2
624,703,tao là 2
625,704,tao là 2
626,705,tao là 2
627,706,tao là 2
628,707,tao là 2
629,708,tao là 2
630,709,tao là 2
631,710,tao là 2
632,711,tao là 2
633,712,tao là 2
634,713,tao là 2
635,714,tao là 2
636,715,tao là 2
637,716,tao là 2
638,717,tao là 2
639,718,tao là 2
640,719,tao là 2
641,720,tao là 2
642,721,tao là 2
643,722,tao là 2
644,723,tao là 2
645,724,tao là 2
646,725,tao là 2
647,726,tao là 2
648,727,tao là 2
649,728,tao là 2
650,729,tao là 2
651,730,tao là 2
652,731,tao là 1
653,732,tao là 2
654,734,tao là 1
655,735,tao là 2
656,737,tao là 1
657,738,tao là 2
658,741,tao là 1
659,742,tao là 2
660,744,tao là 1
661,745,tao là 1
662,746,tao là 1
663,747,tao là 1
664,748,tao là 2
665,750,tao là 1
666,751,tao là 2
667,753,tao là 1
668,754,tao là 1
669,755,tao là 1
670,756,tao là 1
671,757,tao là 2
672,759,tao là 1
673,760,tao là 2
674,762,tao là 2
675,763,tao là 1
676,764,tao là 2
677,765,tao là 1
678,766,tao là 2
679,768,tao là 1
680,769,tao là 2
681,771,tao là 2
682,773,tao là 1
683,774,tao là 2
684,776,tao là 1
685,777,tao là 2
686,779,tao là 1
687,780,tao là 2
688,782,tao là 1
689,783,tao là 2
690,785,tao là 1
691,786,tao là 2
692,788,tao là 1
693,789,tao là 2
694,791,tao là 3
695,792,tao là 1
696,793,tao là 2
697,795,tao là 3
698,796,tao là 1
699,797,tao là 2
700,799,tao là 1
701,800,tao là 2
702,802,tao là 1
703,803,tao là 2
704,805,tao là 1
705,806,tao là 2
706,808,tao là 1
707,809,tao là 1
708,810,tao là 1
709,811,tao là 2
710,813,tao là 1
711,814,tao là 2
712,816,tao là 1
713,818,tao là 3
714,819,tao là 3
715,820,tao là 3
716,821,tao là 3
717,822,tao là 3
718,823,tao là 3
719,824,tao là 3
720,825,tao là 3
721,826,tao là 3
722,827,tao là 3
723,828,tao là 3
724,829,tao là 3
725,830,tao là 3
726,831,tao là 3
727,832,tao là 3
728,833,tao là 3
729,834,tao là 3
730,835,tao là 3
731,836,tao là 3
732,837,tao là 3
733,838,tao là 3
734,839,tao là 3
735,840,tao là 3
736,841,tao là 3
737,842,tao là 3
738,843,tao là 3
739,844,tao là 3
740,845,tao là 3
741,846,tao là 3
742,847,tao là 3
743,848,tao là 3
744,849,tao là 3
745,850,tao là 3
746,851,tao là 3
747,852,tao là 3
748,853,tao là 3
749,854,tao là 3
750,855,tao là 3
751,856,tao là 3
752,857,tao là 3
753,858,tao là 3
754,859,tao là 3
755,860,tao là 3
756,861,tao là 3
757,862,tao là 3
758,863,tao là 3
759,864,tao là 3
760,865,tao là 3
761,866,tao là 3
762,867,tao là 3
763,868,tao là 3
764,869,tao là 3
765,870,tao là 3
766,871,tao là 3
767,872,tao là 3
768,873,tao là 3
769,874,tao là 3
770,875,tao là 3
771,876,tao là 3
772,877,tao là 3
773,878,tao là 3
774,879,tao là 3
775,880,tao là 3
776,881,tao là 3
777,882,tao là 3
778,883,tao là 3
779,884,tao là 3
780,885,tao là 3
781,886,tao là 3
782,887,tao là 3
783,888,tao là 3
784,889,tao là 3
785,890,tao là 3
786,891,tao là 3
787,892,tao là 3
788,893,tao là 3
789,894,tao là 3
790,895,tao là 3
791,896,tao là 3
792,897,tao là 3
793,898,tao là 3
794,899,tao là 3
795,900,tao là 3
796,901,tao là 3
797,902,tao là 3
798,903,tao là 3
799,904,tao là 3
800,905,tao là 3
801,906,tao là 3
802,907,tao là 3
803,908,tao là 3
804,909,tao là 3
805,910,tao là 3
806,911,tao là 3
807,912,tao là 3
808,913,tao là 3
809,914,tao là 3
810,915,tao là 3
811,916,tao là 3
812,917,tao là 3
813,918,tao là 3
814,919,tao là 3
815,920,tao là 3
816,921,tao là 3
817,922,tao là 3
818,923,tao là 3
819,924,tao là 3
820,925,tao là 3
821,926,tao là 3
822,927,tao là 3
823,928,tao là 3
824,929,tao là 3
825,930,tao là 3
826,931,tao là 3
827,932,tao là 3
828,933,tao là 3
829,934,tao là 3
830,935,tao là 3
831,936,tao là 3
832,937,tao là 3
833,938,tao là 3
834,939,tao là 3
835,940,tao là 3
836,941,tao là 3
837,942,tao là 3
838,943,tao là 3
839,944,tao là 3
840,945,tao là 3
841,946,tao là 3
842,947,tao là 3
843,948,tao là 3
844,949,tao là 3
845,950,tao là 3
846,951,tao là 3
847,952,tao là 3
848,953,tao là 3
849,954,tao là 3
850,955,tao là 3
851,956,tao là 3
852,957,tao là 3
853,958,tao là 3
854,959,tao là 3
855,960,tao là 3
856,961,tao là 3
857,962,tao là 3
858,963,tao là 3
859,964,tao là 3
860,965,tao là 3
861,966,tao là 3
862,967,tao là 3
863,968,tao là 3
864,969,tao là 3
865,970,tao là 3
866,971,tao là 3
867,972,tao là 3
868,973,tao là 3
869,974,tao là 3
870,975,tao là 3
871,976,tao là 3
872,977,tao là 3
873,978,tao là 3
874,979,tao là 3
875,980,tao là 3
876,981,tao là 3
877,982,tao là 3
878,983,tao là 3
879,984,tao là 3
880,985,tao là 3
881,986,tao là 3
882,987,tao là 3
883,988,tao là 3
884,989,tao là 3
885,990,tao là 3
886,991,tao là 3
887,992,tao là 3
888,993,tao là 3
889,994,tao là 3
890,995,tao là 3
891,996,tao là 3
892,997,tao là 3
893,998,tao là 3
894,999,tao là 3
895,1000,tao là 3
896,1001,tao là 3
897,1002,tao là 3
898,1003,tao là 3
899,1004,tao là 3
900,1005,tao là 3
901,1006,tao là 3
902,1007,tao là 3
903,1008,tao là 3
904,1009,tao là 3
905,1010,tao là 3
906,1011,tao là 3
907,1012,tao là 3
908,1013,tao là 3
909,1014,tao là 3
910,1015,tao là 3
911,1016,tao là 3
912,1017,tao là 3
913,1018,tao là 3
914,1019,tao là 3
915,1020,tao là 3
916,1021,tao là 3
917,1022,tao là 3
918,1023,tao là 3
919,1024,tao là 3
920,1025,tao là 3
921,1026,tao là 3
922,1027,tao là 3
923,1028,tao là 3
924,1029,tao là 3
925,1030,tao là 3
926,1031,tao là 3
927,1032,tao là 3
928,1033,tao là 3
929,1034,tao là 3
930,1035,tao là 3
931,1036,tao là 3
932,1037,tao là 3
933,1038,tao là 3
934,1039,tao là 3
935,1040,tao là 3
936,1041,tao là 3
937,1042,tao là 3
938,1043,tao là 3
939,1044,tao là 3
940,1045,tao là 3
941,1046,tao là 3
942,1047,tao là 3
943,1048,tao là 3
944,1049,tao là 3
945,1050,tao là 3
946,1051,tao là 3
947,1052,tao là 3
948,1053,tao là 3
949,1054,tao là 3
950,1055,tao là 3
951,1056,tao là 3
952,1057,tao là 3
953,1058,tao là 3
954,1059,tao là 3
955,1060,tao là 3
956,1061,tao là 3
957,1062,tao là 3
958,1063,tao là 3
959,1064,tao là 3
960,1065,tao là 3
961,1066,tao là 3
962,1067,tao là 3
963,1068,tao là 3
964,1069,tao là 3
965,1070,tao là 3
966,1071,tao là 3
967,1072,tao là 3
968,1073,tao là 3
969,1074,tao là 3
970,1075,tao là 3
971,1076,tao là 3
972,1077,tao là 3
973,1078,tao là 3
974,1079,tao là 3
975,1080,tao là 3
976,1081,tao là 3
977,1082,tao là 3
978,1083,tao là 3
979,1084,tao là 3
980,1085,tao là 3
981,1086,tao là 3
982,1087,tao là 3
983,1088,tao là 3
984,1089,tao là 3
985,1090,tao là 3
986,1091,tao là 3
987,1092,tao là 3
988,1093,tao là 3
989,1094,tao là 3
990,1095,tao là 3
991,1096,tao là 3
992,1097,tao là 3
993,1098,tao là 3
994,1099,tao là 3
995,1100,tao là 3
996,1101,tao là 3
997,1102,tao là 3
998,1103,tao là 3
999,1104,tao là 3
1000,1105,tao là 3
1001,1106,tao là 3
1002,1107,tao là 3
1003,1108,tao là 3
1004,1109,tao là 3
1005,1110,tao là 3
1006,1111,tao là 3
1007,1112,tao là 3
1008,1113,tao là 3
1009,1114,tao là 3
1010,1115,tao là 3
1011,1116,tao là 3
1012,1117,tao là 3
1013,1118,tao là 3
1014,1119,tao là 3
1015,1120,tao là 3
1016,1121,tao là 3
1017,1122,tao là 3
1018,1123,tao là 3
1019,1124,tao là 3
1020,1125,tao là 3
1021,1126,tao là 3
1022,1127,tao là 3
1023,1128,tao là 3
1024,1129,tao là 3
1025,1130,tao là 3
1026,1131,tao là 3
1027,1132,tao là 3
1028,1133,tao là 3
1029,1134,tao là 3
1030,1135,tao là 3
1031,1136,tao là 3
1032,1137,tao là 3
1033,1138,tao là 3
1034,1139,tao là 3
1035,1140,tao là 3
1036,1141,tao là 3
1037,1142,tao là 3
1038,1143,tao là 3
1039,1144,tao là 3
1040,1145,tao là 3
1041,1146,tao là 3
1042,1147,tao là 3
1043,1148,tao là 3
1044,1149,tao là 3
1045,1150,tao là 3
1046,1151,tao là 3
1047,1152,tao là 3
1048,1153,tao là 3
1049,1154,tao là 3
1050,1155,tao là 3
1051,1156,tao là 3
1052,1157,tao là 3
1053,1158,tao là 3
1054,1159,tao là 3
1055,1160,tao là 3
1056,1161,tao là 3
1057,1162,tao là 3
1058,1163,tao là 3
1059,1164,tao là 3
1060,1165,tao là 3
1061,1166,tao là 3
1062,1167,tao là 3
1063,1168,tao là 3
1064,1169,tao là 3
1065,1170,tao là 3
1066,1171,tao là 3
1067,1172,tao là 3
1068,1173,tao là 3
1069,1174,tao là 3
1070,1175,tao là 3
1071,1176,tao là 3
1072,1177,tao là 3
1073,1178,tao là 3
1074,1179,tao là 3
1075,1180,tao là 3
1076,1181,tao là 3
1077,1182,tao là 3
1078,1183,tao là 3
1079,1184,tao là 3
1080,1185,tao là 3
1081,1186,tao là 3
1082,1187,tao là 3
1083,1188,tao là 3
1084,1189,tao là 3
1085,1190,tao là 3
1086,1191,tao là 3
1087,1192,tao là 3
1088,1193,tao là 3
1089,1194,tao là 3
1090,1195,tao là 3
1091,1196,tao là 3
1092,1197,tao là 3
1093,1198,tao là 3
1094,1199,tao là 3
1095,1200,tao là 3
1096,1201,tao là 3
1097,1202,tao là 3
1098,1203,tao là 3
1099,1204,tao là 3
1100,1205,tao là 3
1101,1206,tao là 3
1102,1207,tao là 3
1103,1208,tao là 3
1104,1209,tao là 3
1105,1210,tao là 3
1106,1211,tao là 3
1107,1212,tao là 3
1108,1213,tao là 3
1109,1214,tao là 3
1110,1215,tao là 3
1111,1216,tao là 3
1112,1217,tao là 3
1113,1218,tao là 3
1114,1219,tao là 3
1115,1220,tao là 3
1116,1221,tao là 3
1117,1222,tao là 3
1118,1223,tao là 3
1119,1224,tao là 3
1120,1225,tao là 3
1121,1226,tao là 3
1122,1227,tao là 3
1123,1228,tao là 3
1124,1229,tao là 3
1125,1230,tao là 3
1126,1231,tao là 3
1127,1232,tao là 3
1128,1233,tao là 3
1129,1234,tao là 3
1130,1235,tao là 3
1131,1236,tao là 3
1132,1237,tao là 3
1133,1238,tao là 3
1134,1239,tao là 3
1135,1240,tao là 3
1136,1241,tao là 3
1137,1242,tao là 3
1138,1243,tao là 3
1139,1244,tao là 3
1140,1245,tao là 3
1141,1246,tao là 3
1142,1247,tao là 3
1143,1248,tao là 3
1144,1249,tao là 3
1145,1250,tao là 3
1146,1251,tao là 3
1147,1252,tao là 3
1148,1253,tao là 3
1149,1254,tao là 3
1150,1255,tao là 3
1151,1256,tao là 3
1152,1257,tao là 3
1153,1258,tao là 3
1154,1259,tao là 3
1155,1260,tao là 3
1156,1261,tao là 3
1157,1262,tao là 3
1158,1263,tao là 3
1159,1264,tao là 3
1160,1265,tao là 3
1161,1266,tao là 3
1162,1267,tao là 3
1163,1268,tao là 3
1164,1269,tao là 3
1165,1270,tao là 3
1166,1271,tao là 3
1167,1272,tao là 3
1168,1273,tao là 3
1169,1274,tao là 3
1170,1275,tao là 3
1171,1276,tao là 3
1172,1277,tao là 3
1173,1278,tao là 3
1174,1279,tao là 3
1175,1280,tao là 3
1176,1281,tao là 3
1177,1282,tao là 3
1178,1283,tao là 3
1179,1284,tao là 3
1180,1285,tao là 3
1181,1286,tao là 3
1182,1287,tao là 3
1183,1288,tao là 3
1184,1289,tao là 3
1185,1290,tao là 3
1186,1291,tao là 3
1187,1292,tao là 3
1188,1293,tao là 3
1189,1294,tao là 3
1190,1295,tao là 3
1191,1296,tao là 3
1192,1297,tao là 3
1193,1298,tao là 3
1194,1299,tao là 3
1195,1300,tao là 3
1196,1301,tao là 3
1197,1302,tao là 3
1198,1303,tao là 3
1199,1304,tao là 3
1200,1305,tao là 3
1201,1306,tao là 3
1202,1307,tao là 3
1203,1308,tao là 3
1204,1309,tao là 3
1205,1310,tao là 3
1206,1311,tao là 3
1207,1312,tao là 3
1208,1313,tao là 3
1209,1314,tao là 3
1210,1315,tao là 3
1211,1316,tao là 3
1212,1317,tao là 3
1213,1318,tao là 3
1214,1319,tao là 3
1215,1320,tao là 3
1216,1321,tao là 3
1217,1322,tao là 1
1218,1323,tao là 2
1219,1325,tao là 3
1220,1326,tao là 3
1221,1327,tao là 1
1222,1328,tao là 2
1223,1330,tao là 3
1224,1331,tao là 3
1225,1332,tao là 1
1226,1333,tao là 2
1227,1335,tao là 1
1228,1336,tao là 2
1229,1338,tao là 1
1230,1339,tao là 2
1231,1341,tao là 3
1232,1342,tao là 3
1233,1343,tao là 3
1234,1344,tao là 3
1235,1345,tao là 3
1236,1346,tao là 3
1237,1347,tao là 3
1238,1348,tao là 3
1239,1349,tao là 3
1240,1350,tao là 3
1241,1351,tao là 3
1242,1352,tao là 3
1243,1353,tao là 3
1244,1354,tao là 3
1245,1355,tao là 3
1246,1356,tao là 3
1247,1357,tao là 3
1248,1358,tao là 3
1249,1359,tao là 3
1250,1360,tao là 3
1251,1361,tao là 3
1252,1362,tao là 3
1253,1363,tao là 3
1254,1364,tao là 3
1255,1365,tao là 3
1256,1366,tao là 3
1257,1367,tao là 3
1258,1368,tao là 3
1259,1369,tao là 3
1260,1370,tao là 3
1261,1371,tao là 3
1262,1372,tao là 3
1263,1373,tao là 3
1264,1374,tao là 3
1265,1375,tao là 3
1266,1376,tao là 3
1267,1377,tao là 3
1268,1378,tao là 3
1269,1379,tao là 3
1270,1380,tao là 3
1271,1381,tao là 3
1272,1382,tao là 3
1273,1383,tao là 3
1274,1384,tao là 3
1275,1385,tao là 3
1276,1386,tao là 3
1277,1387,tao là 3
1278,1388,tao là 3
1279,1389,tao là 3
1280,1390,tao là 3
1281,1391,tao là 3
1282,1392,tao là 3
1283,1393,tao là 3
1284,1394,tao là 3
1285,1395,tao là 3
1286,1396,tao là 3
1287,1397,tao là 3
1288,1398,tao là 3
1289,1399,tao là 3
1290,1400,tao là 3
1291,1401,tao là 3
1292,1402,tao là 3
1293,1403,tao là 3
1294,1404,tao là 3
1295,1405,tao là 3
1296,1406,tao là 3
1297,1407,tao là 3
1298,1408,tao là 3
1299,1409,tao là 3
1300,1410,tao là 3
1301,1411,tao là 3
1302,1412,tao là 3
1303,1413,tao là 3
1304,1414,tao là 3
1305,1415,tao là 3
1306,1416,tao là 3
1307,1417,tao là 3
1308,1418,tao là 3
1309,1419,tao là 3
1310,1420,tao là 3
1311,1421,tao là 3
1312,1422,tao là 3
1313,1423,tao là 3
1314,1424,tao là 3
1315,1425,tao là 3
1316,1426,tao là 3
1317,1427,tao là 3
1318,1428,tao là 3
1319,1429,tao là 3
1320,1430,tao là 3
1321,1431,tao là 3
1322,1432,tao là 3
1323,1433,tao là 3
1324,1434,tao là 3
1325,1435,tao là 3
1326,1436,tao là 3
1327,1437,tao là 3
1328,1438,tao là 3
1329,1439,tao là 3
1330,1440,tao là 3
1331,1441,tao là 3
1332,1442,tao là 3
1333,1443,tao là 3
1334,1444,tao là 3
1335,1445,tao là 3
1336,1446,tao là 3
1337,1447,tao là 3
1338,1448,tao là 3
1339,1449,tao là 3
1340,1450,tao là 3
1341,1451,tao là 3
1342,1452,tao là 3
1343,1453,tao là 3
1344,1454,tao là 3
1345,1455,tao là 3
1346,1456,tao là 3
1347,1457,tao là 3
1348,1458,tao là 3
1349,1459,tao là 3
1350,1460,tao là 3
1351,1461,tao là 3
1352,1462,tao là 3
1353,1463,tao là 3
1354,1464,tao là 3
1355,1465,tao là 3
1356,1466,tao là 3
1357,1467,tao là 3
1358,1468,tao là 3
1359,1469,tao là 3
1360,1470,tao là 3
1361,1471,tao là 3
1362,1472,tao là 3
1363,1473,tao là 3
1364,1474,tao là 3
1365,1475,tao là 3
1366,1476,tao là 3
1367,1477,tao là 3
1368,1478,tao là 3
1369,1479,tao là 3
1370,1480,tao là 3
1371,1481,tao là 3
1372,1482,tao là 3
1373,1483,tao là 3
1374,1484,tao là 3
1375,1485,tao là 3
1376,1486,tao là 3
1377,1487,tao là 3
1378,1488,tao là 3
1379,1489,tao là 3
1380,1490,tao là 3
1381,1491,tao là 3
1382,1492,tao là 3
1383,1493,tao là 3
1384,1494,tao là 3
1385,1495,tao là 3
1386,1496,tao là 3
1387,1497,tao là 3
1388,1498,tao là 3
1389,1499,tao là 3
1390,1500,tao là 3
1391,1501,tao là 3
1392,1502,tao là 3
1393,1503,tao là 3
1394,1504,tao là 3
1395,1505,tao là 3
1396,1506,tao là 3
1397,1507,tao là 3
1398,1508,tao là 3
1399,1509,tao là 3
1400,1510,tao là 3
1401,1511,tao là 3
1402,1512,tao là 3
1403,1513,tao là 3
1404,1514,tao là 3
1405,1515,tao là 3
1406,1516,tao là 3
1407,1517,tao là 3
1408,1518,tao là 3
1409,1519,tao là 3
1410,1520,tao là 3
1411,1521,tao là 3
1412,1522,tao là 3
1413,1523,tao là 3
1414,1524,tao là 3
1415,1525,tao là 3
1416,1526,tao là 3
1417,1527,tao là 3
1418,1528,tao là 3
1419,1529,tao là 3
1420,1530,tao là 3
1421,1531,tao là 3
1422,1532,tao là 3
1423,1533,tao là 3
1424,1534,tao là 3
1425,1535,tao là 3
1426,1536,tao là 3
1427,1537,tao là 3
1428,1538,tao là 3
1429,1539,tao là 3
1430,1540,tao là 3
1431,1541,tao là 3
1432,1542,tao là 3
1433,1543,tao là 3
1434,1544,tao là 3
1435,1545,tao là 3
1436,1546,tao là 3
1437,1547,tao là 3
1438,1548,tao là 3
1439,1549,tao là 3
1440,1550,tao là 3
1441,1551,tao là 3
1442,1552,tao là 3
1443,1553,tao là 3
1444,1554,tao là 3
1445,1555,tao là 3
1446,1556,tao là 3
1447,1557,tao là 3
1448,1558,tao là 3
1449,1559,tao là 3
1450,1560,tao là 3
1451,1561,tao là 3
1452,1562,tao là 3
1453,1563,tao là 3
1454,1564,tao là 3
1455,1565,tao là 3
1456,1566,tao là 3
1457,1567,tao là 3
1458,1568,tao là 3
1459,1569,tao là 3
1460,1570,tao là 3
1461,1571,tao là 3
1462,1572,tao là 3
1463,1573,tao là 3
1464,1574,tao là 3
1465,1575,tao là 3
1466,1576,tao là 3
1467,1577,tao là 3
1468,1578,tao là 3
1469,1579,tao là 3
1470,1580,tao là 3
1471,1581,tao là 3
1472,1582,tao là 3
1473,1583,tao là 3
1474,1584,tao là 3
1475,1585,tao là 3
1476,1586,tao là 3
1477,1587,tao là 3
1478,1588,tao là 3
1479,1589,tao là 3
1480,1590,tao là 3
1481,1591,tao là 3
1482,1592,tao là 3
1483,1593,tao là 3
1484,1594,tao là 3
1485,1595,tao là 3
1486,1596,tao là 3
1487,1597,tao là 3
1488,1598,tao là 3
1489,1599,tao là 3
1490,1600,tao là 3
1491,1601,tao là 3
1492,1602,tao là 3
1493,1603,tao là 3
1494,1604,tao là 3
1495,1605,tao là 3
1496,1606,tao là 3
1497,1607,tao là 3
1498,1608,tao là 3
1499,1609,tao là 3
1500,1610,tao là 3
1501,1611,tao là 3
1502,1612,tao là 3
1503,1613,tao là 3
1504,1614,tao là 3
1505,1615,tao là 3
1506,1616,tao là 3
1507,1617,tao là 3
1508,1618,tao là 3
1509,1619,tao là 3
1510,1620,tao là 3
1511,1621,tao là 3
1512,1622,tao là 3
1513,1623,tao là 3
1514,1624,tao là 3
1515,1625,tao là 3
1516,1626,tao là 3
1517,1627,tao là 3
1518,1628,tao là 3
1519,1629,tao là 3
1520,1630,tao là 3
1521,1631,tao là 3
1522,1632,tao là 3
1523,1633,tao là 3
1524,1634,tao là 3
1525,1635,tao là 3
1526,1636,tao là 3
1527,1637,tao là 3
1528,1638,tao là 3
1529,1639,tao là 3
1530,1640,tao là 3
1531,1641,tao là 3
1532,1642,tao là 3
1533,1643,tao là 3
1534,1644,tao là 3
1535,1645,tao là 3
1536,1646,tao là 3
1537,1647,tao là 3
1538,1648,tao là 3
1539,1649,tao là 3
1540,1650,tao là 3
1541,1651,tao là 3
1542,1652,tao là 3
1543,1653,tao là 3
1544,1654,tao là 3
1545,1655,tao là 3
1546,1656,tao là 3
1547,1657,tao là 3
1548,1658,tao là 3
1549,1659,tao là 3
1550,1660,tao là 3
1551,1661,tao là 3
1552,1662,tao là 3
1553,1663,tao là 3
1554,1664,tao là 3
1555,1665,tao là 3
1556,1666,tao là 3
1557,1667,tao là 3
1558,1668,tao là 3
1559,1669,tao là 3
1560,1670,tao là 3
1561,1671,tao là 3
1562,1672,tao là 3
1563,1673,tao là 3
1564,1674,tao là 3
1565,1675,tao là 3
1566,1676,tao là 3
1567,1677,tao là 3
1568,1678,tao là 3
1569,1679,tao là 3
1570,1680,tao là 3
1571,1681,tao là 3
1572,1682,tao là 3
1573,1683,tao là 3
1574,1684,tao là 3
1575,1685,tao là 3
1576,1686,tao là 3
1577,1687,tao là 3
1578,1688,tao là 3
1579,1689,tao là 3
1580,1690,tao là 3
1581,1691,tao là 3
1582,1692,tao là 3
1583,1693,tao là 3
1584,1694,tao là 3
1585,1695,tao là 3
1586,1696,tao là 3
1587,1697,tao là 3
1588,1698,tao là 3
1589,1699,tao là 3
1590,1700,tao là 3
1591,1701,tao là 3
1592,1702,tao là 3
1593,1703,tao là 3
1594,1704,tao là 3
1595,1705,tao là 3
1596,1706,tao là 3
1597,1707,tao là 3
1598,1708,tao là 3
1599,1709,tao là 3
1600,1710,tao là 3
1601,1711,tao là 3
1602,1712,tao là 3
1603,1713,tao là 3
1604,1714,tao là 3
1605,1715,tao là 3
1606,1716,tao là 3
1607,1717,tao là 3
1608,1718,tao là 3
1609,1719,tao là 3
1610,1720,tao là 3
1611,1721,tao là 3
1612,1722,tao là 3
1613,1723,tao là 3
1614,1724,tao là 3
1615,1725,tao là 3
1616,1726,tao là 3
1617,1727,tao là 3
1618,1728,tao là 3
1619,1729,tao là 3
1620,1730,tao là 3
1621,1731,tao là 3
1622,1732,tao là 3
1623,1733,tao là 3
1624,1734,tao là 3
1625,1735,tao là 3
1626,1736,tao là 3
1627,1737,tao là 3
1628,1738,tao là 3
1629,1739,tao là 3
1630,1740,tao là 3
1631,1741,tao là 3
1632,1742,tao là 3
1633,1743,tao là 3
1634,1744,tao là 3
1635,1745,tao là 3
1636,1746,tao là 3
1637,1747,tao là 3
1638,1748,tao là 3
1639,1749,tao là 3
1640,1750,tao là 3
1641,1751,tao là 3
1642,1752,tao là 3
1643,1753,tao là 3
1644,1754,tao là 3
1645,1755,tao là 3
1646,1756,tao là 3
1647,1757,tao là 3
1648,1758,tao là 3
1649,1759,tao là 3
1650,1760,tao là 3
1651,1761,tao là 3
1652,1762,tao là 3
1653,1763,tao là 3
1654,1764,tao là 3
1655,1765,tao là 3
1656,1766,tao là 3
1657,1767,tao là 3
1658,1768,tao là 3
1659,1769,tao là 3
1660,1770,tao là 3
1661,1771,tao là 3
1662,1772,tao là 3
1663,1773,tao là 3
1664,1774,tao là 3
1665,1775,tao là 3
1666,1776,tao là 3
1667,1777,tao là 3
1668,1778,tao là 3
1669,1779,tao là 3
1670,1780,tao là 3
1671,1781,tao là 3
1672,1782,tao là 3
1673,1783,tao là 3
1674,1784,tao là 3
1675,1785,tao là 3
1676,1786,tao là 3
1677,1787,tao là 3
1678,1788,tao là 3
1679,1789,tao là 3
1680,1790,tao là 3
1681,1791,tao là 3
1682,1792,tao là 3
1683,1793,tao là 3
1684,1794,tao là 3
1685,1795,tao là 3
1686,1796,tao là 3
1687,1797,tao là 3
1688,1798,tao là 3
1689,1799,tao là 3
1690,1800,tao là 3
1691,1801,tao là 3
1692,1802,tao là 3
1693,1803,tao là 3
1694,1804,tao là 3
1695,1805,tao là 3
1696,1806,tao là 3
1697,1807,tao là 3
1698,1808,tao là 3
1699,1809,tao là 3
1700,1810,tao là 3
1701,1811,tao là 3
1702,1812,tao là 3
1703,1813,tao là 3
1704,1814,tao là 3
1705,1815,tao là 3
1706,1816,tao là 3
1707,1817,tao là 3
1708,1818,tao là 3
1709,1819,tao là 3
1710,1820,tao là 3
1711,1821,tao là 3
1712,1822,tao là 3
1713,1823,tao là 3
1714,1824,tao là 3
1715,1825,tao là 3
1716,1826,tao là 3
1717,1827,tao là 3
1718,1828,tao là 3
1719,1829,tao là 3
1720,1830,tao là 3
1721,1831,tao là 3
1722,1832,tao là 3
1723,1833,tao là 3
1724,1834,tao là 3
1725,1835,tao là 3
1726,1836,tao là 3
1727,1837,tao là 3
1728,1838,tao là 3
1729,1839,tao là 3
1730,1840,tao là 3
1731,1841,tao là 3
1732,1842,tao là 3
1733,1843,tao là 3
1734,1844,tao là 3
1735,1845,tao là 3
1736,1846,tao là 3
1737,1847,tao là 3
1738,1848,tao là 3
1739,1849,tao là 3
1740,1850,tao là 3
1741,1851,tao là 3
1742,1852,tao là 3
1743,1853,tao là 3
1744,1854,tao là 3
1745,1855,tao là 3
1746,1856,tao là 3
1747,1857,tao là 3
1748,1858,tao là 3
1749,1859,tao là 3
1750,1860,tao là 3
1751,1861,tao là 3
1752,1862,tao là 3
1753,1863,tao là 3
1754,1864,tao là 3
1755,1865,tao là 3
1756,1866,tao là 3
1757,1867,tao là 3
1758,1868,tao là 3
1759,1869,tao là 3
1760,1870,tao là 3
1761,1871,tao là 3
1762,1872,tao là 3
1763,1873,tao là 3
1764,1874,tao là 3
1765,1875,tao là 3
1766,1876,tao là 3
1767,1877,tao là 3
1768,1878,tao là 3
1769,1879,tao là 3
1770,1880,tao là 3
1771,1881,tao là 3
1772,1882,tao là 3
1773,1883,tao là 3
1774,1884,tao là 3
1775,1885,tao là 3
1776,1886,tao là 3
1777,1887,tao là 3
1778,1888,tao là 3
1779,1889,tao là 3
1780,1890,tao là 3
1781,1891,tao là 3
1782,1892,tao là 3
1783,1893,tao là 3
1784,1894,tao là 3
1785,1895,tao là 3
1786,1896,tao là 3
1787,1897,tao là 3
1788,1898,tao là 3
1789,1899,tao là 3
1790,1900,tao là 3
1791,1901,tao là 3
1792,1902,tao là 3
1793,1903,tao là 3
1794,1904,tao là 3
1795,1905,tao là 3
1796,1906,tao là 3
1797,1907,tao là 3
1798,1908,tao là 3
1799,1909,tao là 3
1800,1910,tao là 3
1801,1911,tao là 3
1802,1912,tao là 3
1803,1913,tao là 3
1804,1914,tao là 3
1805,1915,tao là 3
1806,1916,tao là 3
1807,1917,tao là 3
1808,1918,tao là 3
1809,1919,tao là 3
1810,1920,tao là 3
1811,1921,tao là 3
1812,1922,tao là 3
1813,1923,tao là 3
1814,1924,tao là 3
1815,1925,tao là 3
1816,1926,tao là 3
1817,1927,tao là 3
1818,1928,tao là 3
1819,1929,tao là 3
1820,1930,tao là 3
1821,1931,tao là 3
1822,1932,tao là 3
1823,1933,tao là 3
1824,1934,tao là 3
1825,1935,tao là 3
1826,1936,tao là 3
1827,1937,tao là 3
1828,1938,tao là 3
1829,1939,tao là 3
1830,1940,tao là 3
1831,1941,tao là 3
1832,1942,tao là 3
1833,1943,tao là 3
1834,1944,tao là 3
1835,1945,tao là 3
1836,1946,tao là 3
1837,1947,tao là 3
1838,1948,tao là 3
1839,1949,tao là 3
1840,1950,tao là 3
1841,1951,tao là 3
1842,1952,tao là 3
1843,1953,tao là 3
1844,1954,tao là 3
1845,1955,tao là 3
1846,1956,tao là 3
1847,1957,tao là 3
1848,1958,tao là 3
1849,1959,tao là 3
1850,1960,tao là 3
1851,1961,tao là 3
1852,1962,tao là 3
1853,1963,tao là 3
1854,1964,tao là 3
1855,1965,tao là 3
1856,1966,tao là 3
1857,1967,tao là 3
1858,1968,tao là 3
1859,1969,tao là 3
1860,1970,tao là 3
1861,1971,tao là 3
1862,1972,tao là 3
1863,1973,tao là 3
1864,1974,tao là 3
1865,1975,tao là 3
1866,1976,tao là 3
1867,1977,tao là 3
1868,1978,tao là 3
1869,1979,tao là 3
1870,1980,tao là 3
1871,1981,tao là 3
1872,1982,tao là 3
1873,1983,tao là 3
1874,1984,tao là 3
1875,1985,tao là 3
1876,1986,tao là 3
1877,1987,tao là 3
1878,1988,tao là 3
1879,1989,tao là 3
1880,1990,tao là 3
1881,1991,tao là 3
1882,1992,tao là 3
1883,1993,tao là 3
1884,1994,tao là 3
1885,1995,tao là 3
1886,1996,tao là 3
1887,1997,tao là 3
1888,1998,tao là 3
1889,1999,tao là 3
1890,2000,tao là 3
1891,2001,tao là 3
1892,2002,tao là 3
1893,2003,tao là 3
1894,2004,tao là 3
1895,2005,tao là 3
1896,2006,tao là 3
1897,2007,tao là 3
1898,2008,tao là 3
1899,2009,tao là 3
1900,2010,tao là 3
1901,2011,tao là 3
1902,2012,tao là 3
1903,2013,tao là 3
1904,2014,tao là 3
1905,2015,tao là 3
1906,2016,tao là 3
1907,2017,tao là 3
1908,2018,tao là 3
1909,2019,tao là 3
1910,2020,tao là 3
1911,2021,tao là 3
1912,2022,tao là 3
1913,2023,tao là 3
1914,2024,tao là 3
1915,2025,tao là 3
1916,2026,tao là 3
1917,2027,tao là 3
1918,2028,tao là 3
1919,2029,tao là 3
1920,2030,tao là 3
1921,2031,tao là 3
1922,2032,tao là 3
1923,2033,tao là 3
1924,2034,tao là 3
1925,2035,tao là 3
1926,2036,tao là 3
1927,2037,tao là 3
1928,2038,tao là 3
1929,2039,tao là 3
1930,2040,tao là 3
1931,2041,tao là 3
1932,2042,tao là 3
1933,2043,tao là 3
1934,2044,tao là 3
1935,2045,tao là 3
1936,2046,tao là 3
1937,2047,tao là 3
1938,2048,tao là 3
1939,2049,tao là 3
1940,2050,tao là 3
1941,2051,tao là 3
1942,2052,tao là 3
1943,2053,tao là 3
1944,2054,tao là 3
1945,2055,tao là 3
1946,2056,tao là 3
1947,2057,tao là 3
1948,2058,tao là 3
1949,2059,tao là 3
1950,2060,tao là 3
1951,2061,tao là 3
1952,2062,tao là 3
1953,2063,tao là 3
1954,2064,tao là 3
1955,2065,tao là 3
1956,2066,tao là 3
1957,2067,tao là 3
1958,2068,tao là 3
1959,2069,tao là 3
1960,2070,tao là 3
1961,2071,tao là 3
1962,2072,tao là 3
1963,2073,tao là 3
1964,2074,tao là 3
1965,2075,tao là 3
1966,2076,tao là 3
1967,2077,tao là 3
1968,2078,tao là 3
1969,2079,tao là 3
1970,2080,tao là 3
1971,2081,tao là 3
1972,2082,tao là 3
1973,2083,tao là 3
1974,2084,tao là 3
1975,2085,tao là 3
1976,2086,tao là 3
1977,2087,tao là 3
1978,2088,tao là 3
1979,2089,tao là 3
1980,2090,tao là 3
1981,2091,tao là 3
1982,2092,tao là 3
1983,2093,tao là 3
1984,2094,tao là 3
1985,2095,tao là 3
1986,2096,tao là 3
1987,2097,tao là 3
1988,2098,tao là 3
1989,2099,tao là 3
1990,2100,tao là 3
1991,2101,tao là 3
1992,2102,tao là 3
1993,2103,tao là 3
1994,2104,tao là 3
1995,2105,tao là 3
1996,2106,tao là 3
1997,2107,tao là 3
1998,2108,tao là 3
1999,2109,tao là 3
2000,2110,tao là 3
2001,2111,tao là 3
2002,2112,tao là 3
2003,2113,tao là 3
2004,2114,tao là 3
2005,2115,tao là 3
2006,2116,tao là 3
2007,2117,tao là 3
2008,2118,tao là 3
2009,2119,tao là 3
2010,2120,tao là 3
2011,2121,tao là 3
2012,2122,tao là 3
2013,2123,tao là 3
2014,2124,tao là 3
2015,2125,tao là 3
2016,2126,tao là 3
2017,2127,tao là 3
2018,2128,tao là 3
2019,2129,tao là 3
2020,2130,tao là 3
2021,2131,tao là 3
2022,2132,tao là 3
2023,2133,tao là 3
2024,2134,tao là 3
2025,2135,tao là 3
2026,2136,tao là 3
2027,2137,tao là 3
2028,2138,tao là 3
2029,2139,tao là 3
2030,2140,tao là 3
2031,2141,tao là 3
2032,2142,tao là 3
2033,2143,tao là 3
2034,2144,tao là 3
2035,2145,tao là 3
2036,2146,tao là 3
2037,2147,tao là 3
2038,2148,tao là 3
2039,2149,tao là 3
2040,2150,tao là 3
2041,2151,tao là 3
2042,2152,tao là 3
2043,2153,tao là 3
2044,2154,tao là 3
2045,2155,tao là 3
2046,2156,tao là 3
2047,2157,tao là 3
2048,2158,tao là 3
2049,2159,tao là 3
2050,2160,tao là 3
2051,2161,tao là 3
2052,2162,tao là 3
2053,2163,tao là 3
2054,2164,tao là 3
2055,2165,tao là 3
2056,2166,tao là 3
2057,2167,tao là 3
2058,2168,tao là 3
2059,2169,tao là 3
2060,2170,tao là 3
2061,2171,tao là 3
2062,2172,tao là 3
2063,2173,tao là 3
2064,2174,tao là 3
2065,2175,tao là 3
2066,2176,tao là 3
2067,2177,tao là 3
2068,2178,tao là 3
2069,2179,tao là 3
2070,2180,tao là 3
2071,2181,tao là 3
2072,2182,tao là 3
2073,2183,tao là 3
2074,2184,tao là 3
2075,2185,tao là 3
2076,2186,tao là 3
2077,2187,tao là 3
2078,2188,tao là 3
2079,2189,tao là 3
2080,2190,tao là 3
2081,2191,tao là 3
2082,2192,tao là 3
2083,2193,tao là 3
2084,2194,tao là 3
2085,2195,tao là 3
2086,2196,tao là 3
2087,2197,tao là 3
2088,2198,tao là 3
2089,2199,tao là 3
2090,2200,tao là 3
2091,2201,tao là 3
2092,2202,tao là 3
2093,2203,tao là 3
2094,2204,tao là 3
2095,2205,tao là 3
2096,2206,tao là 3
2097,2207,tao là 3
2098,2208,tao là 3
2099,2209,tao là 3
2100,2210,tao là 3
2101,2211,tao là 3
2102,2212,tao là 3
2103,2213,tao là 3
2104,2214,tao là 3
2105,2215,tao là 3
2106,2216,tao là 3
2107,2217,tao là 3
2108,2218,tao là 3
2109,2219,tao là 3
2110,2220,tao là 3
2111,2221,tao là 3
2112,2222,tao là 3
2113,2223,tao là 3
2114,2224,tao là 3
2115,2225,tao là 3
2116,2226,tao là 3
2117,2227,tao là 3
2118,2228,tao là 3
2119,2229,tao là 3
2120,2230,tao là 3
2121,2231,tao là 3
2122,2232,tao là 3
2123,2233,tao là 3
2124,2234,tao là 3
2125,2235,tao là 3
2126,2236,tao là 3
2127,2237,tao là 3
2128,2238,tao là 3
2129,2239,tao là 3
2130,2240,tao là 3
2131,2241,tao là 3
2132,2242,tao là 3
2133,2243,tao là 3
2134,2244,tao là 3
2135,2245,tao là 3
2136,2246,tao là 3
2137,2247,tao là 3
2138,2248,tao là 3
2139,2249,tao là 3
2140,2250,tao là 3
2141,2251,tao là 3
2142,2252,tao là 3
2143,2253,tao là 3
2144,2254,tao là 3
2145,2255,tao là 3
2146,2256,tao là 3
2147,2257,tao là 3
2148,2258,tao là 3
2149,2259,tao là 3
2150,2260,tao là 3
2151,2261,tao là 3
2152,2262,tao là 3
2153,2263,tao là 3
2154,2264,tao là 3
2155,2265,tao là 3
2156,2266,tao là 3
2157,2267,tao là 3
2158,2268,tao là 3
2159,2269,tao là 3
2160,2270,tao là 3
2161,2271,tao là 3
2162,2272,tao là 3
2163,2273,tao là 3
2164,2274,tao là 3
2165,2275,tao là 3
2166,2276,tao là 3
2167,2277,tao là 3
2168,2278,tao là 3
2169,2279,tao là 3
2170,2280,tao là 3
2171,2281,tao là 3
2172,2282,tao là 3
2173,2283,tao là 3
2174,2284,tao là 3
2175,2285,tao là 3
2176,2286,tao là 3
2177,2287,tao là 3
2178,2288,tao là 3
2179,2289,tao là 3
2180,2290,tao là 3
2181,2291,tao là 3
2182,2292,tao là 3
2183,2293,tao là 3
2184,2294,tao là 3
2185,2295,tao là 3
2186,2296,tao là 3
2187,2297,tao là 3
2188,2298,tao là 3
2189,2299,tao là 3
2190,2300,tao là 3
2191,2301,tao là 3
2192,2302,tao là 3
2193,2303,tao là 3
2194,2304,tao là 3
2195,2305,tao là 3
2196,2306,tao là 3
2197,2307,tao là 3
2198,2308,tao là 3
2199,2309,tao là 3
2200,2310,tao là 3
2201,2311,tao là 3
2202,2312,tao là 3
2203,2313,tao là 3
2204,2314,tao là 3
2205,2315,tao là 3
2206,2316,tao là 3
2207,2317,tao là 3
2208,2318,tao là 3
2209,2319,tao là 3
2210,2320,tao là 3
2211,2321,tao là 3
2212,2322,tao là 3
2213,2323,tao là 3
2214,2324,tao là 3
2215,2325,tao là 3
2216,2326,tao là 3
2217,2327,tao là 3
2218,2328,tao là 3
2219,2329,tao là 3
2220,2330,tao là 3
2221,2331,tao là 3
2222,2332,tao là 3
2223,2333,tao là 3
2224,2334,tao là 3
2225,2335,tao là 3
2226,2336,tao là 3
2227,2337,tao là 3
2228,2338,tao là 3
2229,2339,tao là 3
2230,2340,tao là 3
2231,2341,tao là 3
2232,2342,tao là 3
2233,2343,tao là 3
2234,2344,tao là 3
2235,2345,tao là 3
2236,2346,tao là 3
2237,2347,tao là 3
2238,2348,tao là 3
2239,2349,tao là 3
2240,2350,tao là 3
2241,2351,tao là 3
2242,2352,tao là 3
2243,2353,tao là 3
2244,2354,tao là 3
2245,2355,tao là 3
2246,2356,tao là 3
2247,2357,tao là 3
2248,2358,tao là 3
2249,2359,tao là 3
2250,2360,tao là 3
2251,2361,tao là 3
2252,2362,tao là 3
2253,2363,tao là 3
2254,2364,tao là 3
2255,2365,tao là 3
2256,2366,tao là 3
2257,2367,tao là 3
2258,2368,tao là 3
2259,2369,tao là 3
2260,2370,tao là 3
2261,2371,tao là 3
2262,2372,tao là 3
2263,2373,tao là 3
2264,2374,tao là 3
2265,2375,tao là 3
2266,2376,tao là 3
2267,2377,tao là 3
2268,2378,tao là 3
2269,2379,tao là 3
2270,2380,tao là 3
2271,2381,tao là 3
2272,2382,tao là 3
2273,2383,tao là 3
2274,2384,tao là 3
2275,2385,tao là 3
2276,2386,tao là 3
2277,2387,tao là 3
2278,2388,tao là 3
2279,2389,tao là 3
2280,2390,tao là 3
2281,2391,tao là 3
2282,2392,tao là 3
2283,2393,tao là 3
2284,2394,tao là 3
2285,2395,tao là 3
2286,2396,tao là 3
2287,2397,tao là 3
2288,2398,tao là 3
2289,2399,tao là 3
2290,2400,tao là 3
2291,2401,tao là 3
2292,2402,tao là 3
2293,2403,tao là 3
2294,2404,tao là 3
2295,2405,tao là 3
2296,2406,tao là 3
2297,2407,tao là 3
2298,2408,tao là 3
2299,2409,tao là 3
2300,2410,tao là 3
2301,2411,tao là 3
2302,2412,tao là 3
2303,2413,tao là 3
2304,2414,tao là 3
2305,2415,tao là 3
2306,2416,tao là 3
2307,2417,tao là 3
2308,2418,tao là 3
2309,2419,tao là 3
2310,2420,tao là 3
2311,2421,tao là 3
2312,2422,tao là 3
2313,2423,tao là 3
2314,2424,tao là 3
2315,2425,tao là 3
2316,2426,tao là 3
2317,2427,tao là 3
2318,2428,tao là 3
2319,2429,tao là 3
2320,2430,tao là 3
2321,2431,tao là 3
2322,2432,tao là 3
2323,2433,tao là 3
2324,2434,tao là 3
2325,2435,tao là 3
2326,2436,tao là 3
2327,2437,tao là 3
2328,2438,tao là 3
2329,2439,tao là 3
2330,2440,tao là 3
2331,2441,tao là 3
2332,2442,tao là 3
2333,2443,tao là 3
2334,2444,tao là 3
2335,2445,tao là 3
2336,2446,tao là 3
2337,2447,tao là 3
2338,2448,tao là 3
2339,2449,tao là 3
2340,2450,tao là 3
2341,2451,tao là 3
2342,2452,tao là 3
2343,2453,tao là 3
2344,2454,tao là 3
2345,2455,tao là 3
2346,2456,tao là 3
2347,2457,tao là 3
2348,2458,tao là 3
2349,2459,tao là 3
2350,2460,tao là 3
2351,2461,tao là 3
2352,2462,tao là 3
2353,2463,tao là 3
2354,2464,tao là 3
2355,2465,tao là 3
2356,2466,tao là 3
2357,2467,tao là 3
2358,2468,tao là 3
2359,2469,tao là 3
2360,2470,tao là 3
2361,2471,tao là 3
2362,2472,tao là 3
2363,2473,tao là 3
2364,2474,tao là 3
2365,2475,tao là 3
2366,2476,tao là 3
2367,2477,tao là 3
2368,2478,tao là 3
2369,2479,tao là 3
2370,2480,tao là 3
2371,2481,tao là 3
2372,2482,tao là 3
2373,2483,tao là 3
2374,2484,tao là 3
2375,2485,tao là 3
2376,2486,tao là 3
2377,2487,tao là 3
2378,2488,tao là 3
2379,2489,tao là 3
2380,2490,tao là 3
2381,2491,tao là 3
2382,2492,tao là 3
2383,2493,tao là 3
2384,2494,tao là 3
2385,2495,tao là 3
2386,2496,tao là 3
2387,2497,tao là 3
2388,2498,tao là 3
2389,2499,tao là 3
2390,2500,tao là 3
2391,2501,tao là 3
2392,2502,tao là 3
2393,2503,tao là 3
2394,2504,tao là 3
2395,2505,tao là 3
2396,2506,tao là 3
2397,2507,tao là 3
2398,2508,tao là 3
2399,2509,tao là 3
2400,2510,tao là 3
2401,2511,tao là 3
2402,2512,tao là 3
2403,2513,tao là 3
2404,2514,tao là 3
2405,2515,tao là 3
2406,2516,tao là 3
2407,2517,tao là 3
2408,2518,tao là 3
2409,2519,tao là 3
2410,2520,tao là 3
2411,2521,tao là 3
2412,2522,tao là 3
2413,2523,tao là 3
2414,2524,tao là 3
2415,2525,tao là 3
2416,2526,tao là 3
2417,2527,tao là 3
2418,2528,tao là 3
2419,2529,tao là 3
2420,2530,tao là 3
2421,2531,tao là 3
2422,2532,tao là 3
2423,2533,tao là 3
2424,2534,tao là 3
2425,2535,tao là 3
2426,2536,tao là 3
2427,2537,tao là 3
2428,2538,tao là 3
2429,2539,tao là 3
2430,2540,tao là 3
2431,2541,tao là 3
2432,2542,tao là 3
2433,2543,tao là 3
2434,2544,tao là 3
2435,2545,tao là 3
2436,2546,tao là 3
2437,2547,tao là 3
2438,2548,tao là 3
2439,2549,tao là 3
2440,2550,tao là 3
2441,2551,tao là 3
2442,2552,tao là 3
2443,2553,tao là 3
2444,2554,tao là 3
2445,2555,tao là 3
2446,2556,tao là 3
2447,2557,tao là 3
2448,2558,tao là 3
2449,2559,tao là 3
2450,2560,tao là 3
2451,2561,tao là 3
2452,2562,tao là 3
2453,2563,tao là 3
2454,2564,tao là 3
2455,2565,tao là 3
2456,2566,tao là 3
2457,2567,tao là 3
2458,2568,tao là 3
2459,2569,tao là 3
2460,2570,tao là 3
2461,2571,tao là 3
2462,2572,tao là 3
2463,2573,tao là 3
2464,2574,tao là 3
2465,2575,tao là 3
2466,2576,tao là 3
2467,2577,tao là 3
2468,2578,tao là 3
2469,2579,tao là 3
2470,2580,tao là 3
2471,2581,tao là 3
2472,2582,tao là 3
2473,2583,tao là 3
2474,2584,tao là 3
2475,2585,tao là 3
2476,2586,tao là 3
2477,2587,tao là 3
2478,2588,tao là 3
2479,2589,tao là 3
2480,2590,tao là 3
2481,2591,tao là 3
2482,2592,tao là 3
2483,2593,tao là 3
2484,2594,tao là 3
2485,2595,tao là 3
2486,2596,tao là 3
2487,2597,tao là 3
2488,2598,tao là 3
2489,2599,tao là 3
2490,2600,tao là 3
2491,2601,tao là 3
2492,2602,tao là 3
2493,2603,tao là 3
2494,2604,tao là 3
2495,2605,tao là 3
2496,2606,tao là 3
2497,2607,tao là 3
2498,2608,tao là 3
2499,2609,tao là 3
2500,2610,tao là 3
2501,2611,tao là 3
2502,2612,tao là 3
2503,2613,tao là 3
2504,2614,tao là 3
2505,2615,tao là 3
2506,2616,tao là 3
2507,2617,tao là 3
2508,2618,tao là 3
2509,2619,tao là 3
2510,2620,tao là 3
2511,2621,tao là 3
2512,2622,tao là 3
2513,2623,tao là 3
2514,2624,tao là 3
2515,2625,tao là 3
2516,2626,tao là 3
2517,2627,tao là 3
2518,2628,tao là 3
2519,2629,tao là 3
2520,2630,tao là 3
2521,2631,tao là 3
2522,2632,tao là 3
2523,2633,tao là 3
2524,2634,tao là 3
2525,2635,tao là 3
2526,2636,tao là 3
2527,2637,tao là 3
2528,2638,tao là 3
2529,2639,tao là 3
2530,2640,tao là 3
2531,2641,tao là 3
2532,2642,tao là 3
2533,2643,tao là 3
2534,2644,tao là 3
2535,2645,tao là 3
2536,2646,tao là 3
2537,2647,tao là 3
2538,2648,tao là 3
2539,2649,tao là 3
2540,2650,tao là 3
2541,2651,tao là 3
2542,2652,tao là 3
2543,2653,tao là 3
2544,2654,tao là 3
2545,2655,tao là 3
2546,2656,tao là 3
2547,2657,tao là 3
2548,2658,tao là 3
2549,2659,tao là 3
2550,2660,tao là 3
2551,2661,tao là 3
2552,2662,tao là 3
2553,2663,tao là 3
2554,2664,tao là 3
2555,2665,tao là 3
2556,2666,tao là 3
2557,2667,tao là 3
2558,2668,tao là 3
2559,2669,tao là 3
2560,2670,tao là 3
2561,2671,tao là 3
2562,2672,tao là 3
2563,2673,tao là 3
2564,2674,tao là 3
2565,2675,tao là 3
2566,2676,tao là 3
2567,2677,tao là 3
2568,2678,tao là 3
2569,2679,tao là 3
2570,2680,tao là 3
2571,2681,tao là 3
2572,2682,tao là 3
2573,2683,tao là 3
2574,2684,tao là 3
2575,2685,tao là 3
2576,2686,tao là 3
2577,2687,tao là 3
2578,2688,tao là 3
2579,2689,tao là 3
2580,2690,tao là 3
2581,2691,tao là 3
2582,2692,tao là 3
2583,2693,tao là 3
2584,2694,tao là 3
2585,2695,tao là 3
2586,2696,tao là 3
2587,2697,tao là 3
2588,2698,tao là 3
2589,2699,tao là 3
2590,2700,tao là 3
2591,2701,tao là 3
2592,2702,tao là 3
2593,2703,tao là 3
2594,2704,tao là 3
2595,2705,tao là 3
2596,2706,tao là 3
2597,2707,tao là 3
2598,2708,tao là 3
2599,2709,tao là 3
2600,2710,tao là 3
2601,2711,tao là 3
2602,2712,tao là 3
2603,2713,tao là 3
2604,2714,tao là 3
2605,2715,tao là 3
2606,2716,tao là 3
2607,2717,tao là 3
2608,2718,tao là 3
2609,2719,tao là 3
2610,2720,tao là 3
2611,2721,tao là 3
2612,2722,tao là 3
2613,2723,tao là 3
2614,2724,tao là 3
2615,2725,tao là 3
2616,2726,tao là 3
2617,2727,tao là 3
2618,2728,tao là 3
2619,2729,tao là 3
2620,2730,tao là 3
2621,2731,tao là 3
2622,2732,tao là 3
2623,2733,tao là 3
2624,2734,tao là 3
2625,2735,tao là 3
2626,2736,tao là 3
2627,2737,tao là 3
2628,2738,tao là 3
2629,2739,tao là 3
2630,2740,tao là 3
2631,2741,tao là 3
2632,2742,tao là 3
2633,2743,tao là 3
2634,2744,tao là 3
2635,2745,tao là 3
2636,2746,tao là 3
2637,2747,tao là 3
2638,2748,tao là 3
2639,2749,tao là 3
2640,2750,tao là 3
2641,2751,tao là 3
2642,2752,tao là 3
2643,2753,tao là 3
2644,2754,tao là 3
2645,2755,tao là 3
2646,2756,tao là 3
2647,2757,tao là 3
2648,2758,tao là 3
2649,2759,tao là 3
2650,2760,tao là 3
2651,2761,tao là 3
2652,2762,tao là 3
2653,2763,tao là 3
2654,2764,tao là 3
2655,2765,tao là 3
2656,2766,tao là 3
2657,2767,tao là 3
2658,2768,tao là 3
2659,2769,tao là 3
2660,2770,tao là 3
2661,2771,tao là 3
2662,2772,tao là 3
2663,2773,tao là 3
2664,2774,tao là 3
2665,2775,tao là 3
2666,2776,tao là 3
2667,2777,tao là 3
2668,2778,tao là 3
2669,2779,tao là 3
2670,2780,tao là 3
2671,2781,tao là 3
2672,2782,tao là 3
2673,2783,tao là 3
2674,2784,tao là 3
2675,2785,tao là 3
2676,2786,tao là 3
2677,2787,tao là 3
2678,2788,tao là 3
2679,2789,tao là 3
2680,2790,tao là 3
2681,2791,tao là 3
2682,2792,tao là 3
2683,2793,tao là 3
2684,2794,tao là 3
2685,2795,tao là 3
2686,2796,tao là 3
2687,2797,tao là 3
2688,2798,tao là 3
2689,2799,tao là 3
2690,2800,tao là 3
2691,2801,tao là 3
2692,2802,tao là 3
2693,2803,tao là 3
2694,2804,tao là 3
2695,2805,tao là 3
2696,2806,tao là 3
2697,2807,tao là 3
2698,2808,tao là 3
2699,2809,tao là 3
2700,2810,tao là 3
2701,2811,tao là 3
2702,2812,tao là 3
2703,2813,tao là 3
2704,2814,tao là 3
2705,2815,tao là 3
2706,2816,tao là 3
2707,2817,tao là 3
2708,2818,tao là 3
2709,2819,tao là 3
2710,2820,tao là 3
2711,2821,tao là 3
2712,2822,tao là 3
2713,2823,tao là 3
2714,2824,tao là 3
2715,2825,tao là 3
2716,2826,tao là 3
2717,2827,tao là 3
2718,2828,tao là 3
2719,2829,tao là 3
2720,2830,tao là 3
2721,2831,tao là 3
2722,2832,tao là 3
2723,2833,tao là 3
2724,2834,tao là 3
2725,2835,tao là 3
2726,2836,tao là 3
2727,2837,tao là 3
2728,2838,tao là 3
2729,2839,tao là 3
2730,2840,tao là 3
2731,2841,tao là 3
2732,2842,tao là 3
2733,2843,tao là 3
2734,2844,tao là 3
2735,2845,tao là 3
2736,2846,tao là 3
2737,2847,tao là 3
2738,2848,tao là 3
2739,2849,tao là 3
2740,2850,tao là 3
2741,2851,tao là 3
2742,2852,tao là 3
2743,2853,tao là 3
2744,2854,tao là 3
2745,2855,tao là 3
2746,2856,tao là 3
2747,2857,tao là 3
2748,2858,tao là 3
2749,2859,tao là 3
2750,2860,tao là 3
2751,2861,tao là 1
2752,2862,tao là 2
2753,2864,tao là 1
2754,2865,tao là 2
2755,2867,tao là 1
2756,2868,tao là 2
2757,2870,tao là 1
2758,2871,tao là 2
2759,2873,tao là 1
